swsh08-fusion-strike,Absol,Rare,$0.14,https://www.tcgplayer.com/product/253378/pokemon-swsh08-fusion-strike-absol
swsh08-fusion-strike,Adventurer's Discovery,Uncommon,$0.58,https://www.tcgplayer.com/product/253089/pokemon-swsh08-fusion-strike-adventurers-discovery
swsh08-fusion-strike,Araquanid,Rare,$0.12,https://www.tcgplayer.com/product/253105/pokemon-swsh08-fusion-strike-araquanid
swsh08-fusion-strike,Arrokuda,Common,$0.04,https://www.tcgplayer.com/product/253236/pokemon-swsh08-fusion-strike-arrokuda
swsh08-fusion-strike,Baltoy,Common,$0.02,https://www.tcgplayer.com/product/253356/pokemon-swsh08-fusion-strike-baltoy
swsh08-fusion-strike,Basculin,Common,$0.06,https://www.tcgplayer.com/product/253215/pokemon-swsh08-fusion-strike-basculin
swsh08-fusion-strike,Bewear,Uncommon,$0.03,https://www.tcgplayer.com/product/253365/pokemon-swsh08-fusion-strike-bewear
swsh08-fusion-strike,Boltund V,Ultra Rare,$1.05,https://www.tcgplayer.com/product/253259/pokemon-swsh08-fusion-strike-boltund-v
swsh08-fusion-strike,Boltund VMAX,Ultra Rare,$2.60,https://www.tcgplayer.com/product/253260/pokemon-swsh08-fusion-strike-boltund-vmax
swsh08-fusion-strike,Breloom,Uncommon,$0.07,https://www.tcgplayer.com/product/253075/pokemon-swsh08-fusion-strike-breloom
swsh08-fusion-strike,Bug Catcher,Uncommon,$0.03,https://www.tcgplayer.com/product/253093/pokemon-swsh08-fusion-strike-bug-catcher
swsh08-fusion-strike,Bunnelby,Common,$0.04,https://www.tcgplayer.com/product/253312/pokemon-swsh08-fusion-strike-bunnelby
swsh08-fusion-strike,Carvanha,Common,$0.02,https://www.tcgplayer.com/product/253376/pokemon-swsh08-fusion-strike-carvanha
swsh08-fusion-strike,Celebi V (Alternate Full Art),Ultra Rare,$26.01,https://www.tcgplayer.com/product/253138/pokemon-swsh08-fusion-strike-celebi-v-alternate-full-art
swsh08-fusion-strike,Centiskorch (49),Uncommon,$0.06,https://www.tcgplayer.com/product/253180/pokemon-swsh08-fusion-strike-centiskorch-49
swsh08-fusion-strike,Chandelure V (Full Art),Ultra Rare,$2.69,https://www.tcgplayer.com/product/253141/pokemon-swsh08-fusion-strike-chandelure-v-full-art
swsh08-fusion-strike,Chandelure VMAX (Secret),Secret Rare,$7.39,https://www.tcgplayer.com/product/253167/pokemon-swsh08-fusion-strike-chandelure-vmax-secret
swsh08-fusion-strike,Charjabug,Uncommon,$0.08,https://www.tcgplayer.com/product/253256/pokemon-swsh08-fusion-strike-charjabug
swsh08-fusion-strike,Chili & Cilan & Cress,Uncommon,$0.05,https://www.tcgplayer.com/product/253097/pokemon-swsh08-fusion-strike-chili-and-cilan-and-cress
swsh08-fusion-strike,Chili & Cilan & Cress (Secret),Secret Rare,$5.80,https://www.tcgplayer.com/product/253271/pokemon-swsh08-fusion-strike-chili-and-cilan-and-cress-secret
swsh08-fusion-strike,Cinderace V (44),Ultra Rare,$1.18,https://www.tcgplayer.com/product/253168/pokemon-swsh08-fusion-strike-cinderace-v-44
swsh08-fusion-strike,Clamperl,Common,$0.04,https://www.tcgplayer.com/product/253208/pokemon-swsh08-fusion-strike-clamperl
swsh08-fusion-strike,Clawitzer,Uncommon,$0.05,https://www.tcgplayer.com/product/253225/pokemon-swsh08-fusion-strike-clawitzer
swsh08-fusion-strike,Clobbopus,Common,$0.03,https://www.tcgplayer.com/product/253366/pokemon-swsh08-fusion-strike-clobbopus
swsh08-fusion-strike,Code Card - Dragonite V Box,Code Card,$0.48,https://www.tcgplayer.com/product/256469/pokemon-swsh08-fusion-strike-code-card-dragonite-v-box
swsh08-fusion-strike,Code Card - Fusion Strike 3 Pack Blister [Espeon],Code Card,$0.25,https://www.tcgplayer.com/product/267750/pokemon-swsh08-fusion-strike-code-card-fusion-strike-3-pack-blister-espeon
swsh08-fusion-strike,Code Card - Fusion Strike Build & Battle Box,Code Card,$0.54,https://www.tcgplayer.com/product/257532/pokemon-swsh08-fusion-strike-code-card-fusion-strike-build-and-battle-box
swsh08-fusion-strike,Code Card - Fusion Strike Pokemon Center Elite Trainer Box,Code Card,$0.49,https://www.tcgplayer.com/product/256467/pokemon-swsh08-fusion-strike-code-card-fusion-strike-pokemon-center-elite-trainer-box
swsh08-fusion-strike,Code Card - Fusion Strike Single Pack Blister [Tepig],Code Card,$0.09,https://www.tcgplayer.com/product/257533/pokemon-swsh08-fusion-strike-code-card-fusion-strike-single-pack-blister-tepig
swsh08-fusion-strike,Code Card - Rapid Strike Urshifu VMAX Premium Collection,Code Card,$1.62,https://www.tcgplayer.com/product/253456/pokemon-swsh08-fusion-strike-code-card-rapid-strike-urshifu-vmax-premium-collection
swsh08-fusion-strike,Cook,Uncommon,$0.04,https://www.tcgplayer.com/product/253099/pokemon-swsh08-fusion-strike-cook
swsh08-fusion-strike,Corviknight,Rare,$0.11,https://www.tcgplayer.com/product/253344/pokemon-swsh08-fusion-strike-corviknight
swsh08-fusion-strike,Crabominable V,Ultra Rare,$1.04,https://www.tcgplayer.com/product/253226/pokemon-swsh08-fusion-strike-crabominable-v
swsh08-fusion-strike,Cram-o-matic,Uncommon,$0.39,https://www.tcgplayer.com/product/253100/pokemon-swsh08-fusion-strike-cram-o-matic
swsh08-fusion-strike,Croconaw,Uncommon,$0.02,https://www.tcgplayer.com/product/253187/pokemon-swsh08-fusion-strike-croconaw
swsh08-fusion-strike,Crossceiver,Uncommon,$0.03,https://www.tcgplayer.com/product/253103/pokemon-swsh08-fusion-strike-crossceiver
swsh08-fusion-strike,Dancer,Uncommon,$0.06,https://www.tcgplayer.com/product/253104/pokemon-swsh08-fusion-strike-dancer
swsh08-fusion-strike,Dancer (Secret),Secret Rare,$5.42,https://www.tcgplayer.com/product/253272/pokemon-swsh08-fusion-strike-dancer-secret
swsh08-fusion-strike,Delcatty,Uncommon,$0.03,https://www.tcgplayer.com/product/253307/pokemon-swsh08-fusion-strike-delcatty
swsh08-fusion-strike,Dewpider,Common,$0.03,https://www.tcgplayer.com/product/253102/pokemon-swsh08-fusion-strike-dewpider
swsh08-fusion-strike,Dodrio V,Ultra Rare,$1.08,https://www.tcgplayer.com/product/253295/pokemon-swsh08-fusion-strike-dodrio-v
swsh08-fusion-strike,Drakloak,Uncommon,$0.04,https://www.tcgplayer.com/product/253325/pokemon-swsh08-fusion-strike-drakloak
swsh08-fusion-strike,Dreepy,Common,$0.06,https://www.tcgplayer.com/product/253321/pokemon-swsh08-fusion-strike-dreepy
swsh08-fusion-strike,Dubwool,Uncommon,$0.07,https://www.tcgplayer.com/product/253324/pokemon-swsh08-fusion-strike-dubwool
swsh08-fusion-strike,Durant,Common,$0.04,https://www.tcgplayer.com/product/253332/pokemon-swsh08-fusion-strike-durant
swsh08-fusion-strike,Eelektross,Rare,$0.12,https://www.tcgplayer.com/product/253253/pokemon-swsh08-fusion-strike-eelektross
swsh08-fusion-strike,Eldegoss,Uncommon,$0.03,https://www.tcgplayer.com/product/253118/pokemon-swsh08-fusion-strike-eldegoss
swsh08-fusion-strike,Elesa's Sparkle,Uncommon,$0.11,https://www.tcgplayer.com/product/253106/pokemon-swsh08-fusion-strike-elesas-sparkle
swsh08-fusion-strike,Elesa's Sparkle (Secret),Secret Rare,$9.28,https://www.tcgplayer.com/product/253276/pokemon-swsh08-fusion-strike-elesas-sparkle-secret
swsh08-fusion-strike,Excadrill,Uncommon,$0.04,https://www.tcgplayer.com/product/253331/pokemon-swsh08-fusion-strike-excadrill
swsh08-fusion-strike,Falinks (155),Common,$0.03,https://www.tcgplayer.com/product/253369/pokemon-swsh08-fusion-strike-falinks-155
swsh08-fusion-strike,Feraligatr,Holo Rare,$0.25,https://www.tcgplayer.com/product/253188/pokemon-swsh08-fusion-strike-feraligatr
swsh08-fusion-strike,Flaaffy (Secret),Secret Rare,$10.85,https://www.tcgplayer.com/product/253284/pokemon-swsh08-fusion-strike-flaaffy-secret
swsh08-fusion-strike,Fusion Strike Energy,Uncommon,$0.13,https://www.tcgplayer.com/product/253127/pokemon-swsh08-fusion-strike-fusion-strike-energy
swsh08-fusion-strike,Galarian Cursola,Rare,$0.12,https://www.tcgplayer.com/product/253288/pokemon-swsh08-fusion-strike-galarian-cursola
swsh08-fusion-strike,Galarian Darumaka,Common,$0.02,https://www.tcgplayer.com/product/253218/pokemon-swsh08-fusion-strike-galarian-darumaka
swsh08-fusion-strike,Galarian Meowth,Common,$0.05,https://www.tcgplayer.com/product/253326/pokemon-swsh08-fusion-strike-galarian-meowth
swsh08-fusion-strike,Galarian Perrserker,Uncommon,$0.04,https://www.tcgplayer.com/product/253328/pokemon-swsh08-fusion-strike-galarian-perrserker
swsh08-fusion-strike,Garbodor,Uncommon,$0.04,https://www.tcgplayer.com/product/253383/pokemon-swsh08-fusion-strike-garbodor
swsh08-fusion-strike,Genesect V (Alternate Full Art),Ultra Rare,$27.13,https://www.tcgplayer.com/product/253155/pokemon-swsh08-fusion-strike-genesect-v-alternate-full-art
swsh08-fusion-strike,Gengar V,Ultra Rare,$4.57,https://www.tcgplayer.com/product/253370/pokemon-swsh08-fusion-strike-gengar-v
swsh08-fusion-strike,Gengar VMAX (Alternate Art Secret),Secret Rare,$105.34,https://www.tcgplayer.com/product/253266/pokemon-swsh08-fusion-strike-gengar-vmax-alternate-art-secret
swsh08-fusion-strike,Gligar,Common,$0.04,https://www.tcgplayer.com/product/253348/pokemon-swsh08-fusion-strike-gligar
swsh08-fusion-strike,Golem,Rare,$0.13,https://www.tcgplayer.com/product/253342/pokemon-swsh08-fusion-strike-golem
swsh08-fusion-strike,Goomy,Common,$0.04,https://www.tcgplayer.com/product/253353/pokemon-swsh08-fusion-strike-goomy
swsh08-fusion-strike,Gossifleur,Common,$0.02,https://www.tcgplayer.com/product/253115/pokemon-swsh08-fusion-strike-gossifleur
swsh08-fusion-strike,Grapploct,Uncommon,$0.04,https://www.tcgplayer.com/product/253367/pokemon-swsh08-fusion-strike-grapploct
swsh08-fusion-strike,Graveler,Uncommon,$0.03,https://www.tcgplayer.com/product/253341/pokemon-swsh08-fusion-strike-graveler
swsh08-fusion-strike,Greedent V (Alternate Full Art),Ultra Rare,$13.04,https://www.tcgplayer.com/product/253157/pokemon-swsh08-fusion-strike-greedent-v-alternate-full-art
swsh08-fusion-strike,Greedent VMAX,Ultra Rare,$2.31,https://www.tcgplayer.com/product/253317/pokemon-swsh08-fusion-strike-greedent-vmax
swsh08-fusion-strike,Greninja V,Ultra Rare,$1.43,https://www.tcgplayer.com/product/253223/pokemon-swsh08-fusion-strike-greninja-v
swsh08-fusion-strike,Growlithe,Common,$0.03,https://www.tcgplayer.com/product/253129/pokemon-swsh08-fusion-strike-growlithe
swsh08-fusion-strike,Hariyama,Uncommon,$0.13,https://www.tcgplayer.com/product/253355/pokemon-swsh08-fusion-strike-hariyama
swsh08-fusion-strike,Heatmor,Uncommon,$0.07,https://www.tcgplayer.com/product/253150/pokemon-swsh08-fusion-strike-heatmor
swsh08-fusion-strike,Helioptile,Common,$0.04,https://www.tcgplayer.com/product/253254/pokemon-swsh08-fusion-strike-helioptile
swsh08-fusion-strike,Huntail,Rare,$0.13,https://www.tcgplayer.com/product/253209/pokemon-swsh08-fusion-strike-huntail
swsh08-fusion-strike,Indeedee,Common,$0.03,https://www.tcgplayer.com/product/253318/pokemon-swsh08-fusion-strike-indeedee
swsh08-fusion-strike,Inteleon VMAX,Ultra Rare,$3.11,https://www.tcgplayer.com/product/253233/pokemon-swsh08-fusion-strike-inteleon-vmax
swsh08-fusion-strike,Jigglypuff,Common,$0.04,https://www.tcgplayer.com/product/253268/pokemon-swsh08-fusion-strike-jigglypuff
swsh08-fusion-strike,Jynx,Common,$0.03,https://www.tcgplayer.com/product/253273/pokemon-swsh08-fusion-strike-jynx
swsh08-fusion-strike,Klefki,Common,$0.02,https://www.tcgplayer.com/product/253335/pokemon-swsh08-fusion-strike-klefki
swsh08-fusion-strike,Lapras,Uncommon,$0.08,https://www.tcgplayer.com/product/253185/pokemon-swsh08-fusion-strike-lapras
swsh08-fusion-strike,Latios,Rare,$0.13,https://www.tcgplayer.com/product/253351/pokemon-swsh08-fusion-strike-latios
swsh08-fusion-strike,Lopunny,Uncommon,$0.03,https://www.tcgplayer.com/product/253310/pokemon-swsh08-fusion-strike-lopunny
swsh08-fusion-strike,Luxio,Uncommon,$0.05,https://www.tcgplayer.com/product/253248/pokemon-swsh08-fusion-strike-luxio
swsh08-fusion-strike,Magcargo,Uncommon,$0.07,https://www.tcgplayer.com/product/253132/pokemon-swsh08-fusion-strike-magcargo
swsh08-fusion-strike,Mandibuzz,Uncommon,$0.06,https://www.tcgplayer.com/product/253387/pokemon-swsh08-fusion-strike-mandibuzz
swsh08-fusion-strike,Mantine,Common,$0.03,https://www.tcgplayer.com/product/253195/pokemon-swsh08-fusion-strike-mantine
swsh08-fusion-strike,Marill,Common,$0.06,https://www.tcgplayer.com/product/253189/pokemon-swsh08-fusion-strike-marill
swsh08-fusion-strike,Mawile,Common,$0.03,https://www.tcgplayer.com/product/253290/pokemon-swsh08-fusion-strike-mawile
swsh08-fusion-strike,Meloetta,Rare,$0.21,https://www.tcgplayer.com/product/253308/pokemon-swsh08-fusion-strike-meloetta
swsh08-fusion-strike,Meowth,Common,$0.02,https://www.tcgplayer.com/product/253291/pokemon-swsh08-fusion-strike-meowth
swsh08-fusion-strike,Mew V,Ultra Rare,$5.43,https://www.tcgplayer.com/product/253274/pokemon-swsh08-fusion-strike-mew-v
swsh08-fusion-strike,Mew V (Full Art),Ultra Rare,$18.90,https://www.tcgplayer.com/product/253146/pokemon-swsh08-fusion-strike-mew-v-full-art
swsh08-fusion-strike,Mew VMAX (Alternate Art Secret),Secret Rare,$76.81,https://www.tcgplayer.com/product/253177/pokemon-swsh08-fusion-strike-mew-vmax-alternate-art-secret
swsh08-fusion-strike,Minun,Common,$0.04,https://www.tcgplayer.com/product/253246/pokemon-swsh08-fusion-strike-minun
swsh08-fusion-strike,Morpeko (109),Common,$0.03,https://www.tcgplayer.com/product/253267/pokemon-swsh08-fusion-strike-morpeko-109
swsh08-fusion-strike,Mudkip,Common,$0.03,https://www.tcgplayer.com/product/253199/pokemon-swsh08-fusion-strike-mudkip
swsh08-fusion-strike,Musharna,Uncommon,$0.04,https://www.tcgplayer.com/product/253299/pokemon-swsh08-fusion-strike-musharna
swsh08-fusion-strike,Ninetales (31),Uncommon,$0.11,https://www.tcgplayer.com/product/253128/pokemon-swsh08-fusion-strike-ninetales-31
swsh08-fusion-strike,Oricorio,Rare,$0.19,https://www.tcgplayer.com/product/253158/pokemon-swsh08-fusion-strike-oricorio
swsh08-fusion-strike,Pancham,Common,$0.03,https://www.tcgplayer.com/product/253363/pokemon-swsh08-fusion-strike-pancham
swsh08-fusion-strike,Panpour,Common,$0.03,https://www.tcgplayer.com/product/253211/pokemon-swsh08-fusion-strike-panpour
swsh08-fusion-strike,Pansear,Common,$0.03,https://www.tcgplayer.com/product/253137/pokemon-swsh08-fusion-strike-pansear
swsh08-fusion-strike,Phantump,Common,$0.03,https://www.tcgplayer.com/product/253094/pokemon-swsh08-fusion-strike-phantump
swsh08-fusion-strike,Plusle,Common,$0.03,https://www.tcgplayer.com/product/253245/pokemon-swsh08-fusion-strike-plusle
swsh08-fusion-strike,Power Tablet (Secret),Secret Rare,$6.63,https://www.tcgplayer.com/product/253285/pokemon-swsh08-fusion-strike-power-tablet-secret
swsh08-fusion-strike,Pyukumuku,Uncommon,$0.04,https://www.tcgplayer.com/product/253229/pokemon-swsh08-fusion-strike-pyukumuku
swsh08-fusion-strike,Qwilfish,Common,$0.03,https://www.tcgplayer.com/product/253192/pokemon-swsh08-fusion-strike-qwilfish
swsh08-fusion-strike,Rillaboom VMAX,Ultra Rare,$2.46,https://www.tcgplayer.com/product/253108/pokemon-swsh08-fusion-strike-rillaboom-vmax
swsh08-fusion-strike,Rotom,Common,$0.03,https://www.tcgplayer.com/product/253250/pokemon-swsh08-fusion-strike-rotom
swsh08-fusion-strike,Sandshrew,Common,$0.05,https://www.tcgplayer.com/product/253330/pokemon-swsh08-fusion-strike-sandshrew
swsh08-fusion-strike,Sandygast,Common,$0.04,https://www.tcgplayer.com/product/253311/pokemon-swsh08-fusion-strike-sandygast
swsh08-fusion-strike,Schoolboy (Full Art),Ultra Rare,$3.39,https://www.tcgplayer.com/product/253162/pokemon-swsh08-fusion-strike-schoolboy-full-art
swsh08-fusion-strike,Schoolgirl,Uncommon,$0.04,https://www.tcgplayer.com/product/253116/pokemon-swsh08-fusion-strike-schoolgirl
swsh08-fusion-strike,Schoolgirl (Secret),Secret Rare,$5.82,https://www.tcgplayer.com/product/253279/pokemon-swsh08-fusion-strike-schoolgirl-secret
swsh08-fusion-strike,Sharpedo,Uncommon,$0.04,https://www.tcgplayer.com/product/253377/pokemon-swsh08-fusion-strike-sharpedo
swsh08-fusion-strike,Shauna (Full Art),Ultra Rare,$4.63,https://www.tcgplayer.com/product/253165/pokemon-swsh08-fusion-strike-shauna-full-art
swsh08-fusion-strike,Shellder,Common,$0.05,https://www.tcgplayer.com/product/253181/pokemon-swsh08-fusion-strike-shellder
swsh08-fusion-strike,Shinx,Common,$0.04,https://www.tcgplayer.com/product/253247/pokemon-swsh08-fusion-strike-shinx
swsh08-fusion-strike,Sidney,Uncommon,$0.04,https://www.tcgplayer.com/product/253119/pokemon-swsh08-fusion-strike-sidney
swsh08-fusion-strike,Sidney (Secret),Secret Rare,$6.40,https://www.tcgplayer.com/product/253281/pokemon-swsh08-fusion-strike-sidney-secret
swsh08-fusion-strike,Simipour,Uncommon,$0.02,https://www.tcgplayer.com/product/253212/pokemon-swsh08-fusion-strike-simipour
swsh08-fusion-strike,Simisear,Uncommon,$0.05,https://www.tcgplayer.com/product/253140/pokemon-swsh08-fusion-strike-simisear
swsh08-fusion-strike,Sizzlipede (47),Common,$0.03,https://www.tcgplayer.com/product/253175/pokemon-swsh08-fusion-strike-sizzlipede-47
swsh08-fusion-strike,Skaters' Park,Uncommon,$0.03,https://www.tcgplayer.com/product/253121/pokemon-swsh08-fusion-strike-skaters-park
swsh08-fusion-strike,Sliggoo,Uncommon,$0.07,https://www.tcgplayer.com/product/253354/pokemon-swsh08-fusion-strike-sliggoo
swsh08-fusion-strike,Smeargle,Common,$0.02,https://www.tcgplayer.com/product/253305/pokemon-swsh08-fusion-strike-smeargle
swsh08-fusion-strike,Snorlax,Common,$0.04,https://www.tcgplayer.com/product/253301/pokemon-swsh08-fusion-strike-snorlax
swsh08-fusion-strike,Spongy Gloves,Uncommon,$0.04,https://www.tcgplayer.com/product/253123/pokemon-swsh08-fusion-strike-spongy-gloves
swsh08-fusion-strike,Starmie,Holo Rare,$0.25,https://www.tcgplayer.com/product/253184/pokemon-swsh08-fusion-strike-starmie
swsh08-fusion-strike,Steelix,Holo Rare,$0.22,https://www.tcgplayer.com/product/253346/pokemon-swsh08-fusion-strike-steelix
swsh08-fusion-strike,Swadloon,Uncommon,$0.06,https://www.tcgplayer.com/product/253080/pokemon-swsh08-fusion-strike-swadloon
swsh08-fusion-strike,Togedemaru,Uncommon,$0.04,https://www.tcgplayer.com/product/253336/pokemon-swsh08-fusion-strike-togedemaru
swsh08-fusion-strike,Toxel (105),Common,$0.03,https://www.tcgplayer.com/product/253261/pokemon-swsh08-fusion-strike-toxel-105
swsh08-fusion-strike,Toxicroak,Rare,$0.17,https://www.tcgplayer.com/product/253380/pokemon-swsh08-fusion-strike-toxicroak
swsh08-fusion-strike,Toxtricity (108),Holo Rare,$0.20,https://www.tcgplayer.com/product/253264/pokemon-swsh08-fusion-strike-toxtricity-108
swsh08-fusion-strike,Trevenant,Uncommon,$0.05,https://www.tcgplayer.com/product/253096/pokemon-swsh08-fusion-strike-trevenant
swsh08-fusion-strike,Tsareena V,Ultra Rare,$1.05,https://www.tcgplayer.com/product/253109/pokemon-swsh08-fusion-strike-tsareena-v
swsh08-fusion-strike,Turtonator,Uncommon,$0.06,https://www.tcgplayer.com/product/253358/pokemon-swsh08-fusion-strike-turtonator
swsh08-fusion-strike,Tyranitar V,Ultra Rare,$1.32,https://www.tcgplayer.com/product/253372/pokemon-swsh08-fusion-strike-tyranitar-v
swsh08-fusion-strike,Vikavolt,Rare,$0.14,https://www.tcgplayer.com/product/253257/pokemon-swsh08-fusion-strike-vikavolt
swsh08-fusion-strike,Voltorb,Common,$0.03,https://www.tcgplayer.com/product/253243/pokemon-swsh08-fusion-strike-voltorb
swsh08-fusion-strike,Vulpix (28),Common,$0.05,https://www.tcgplayer.com/product/253124/pokemon-swsh08-fusion-strike-vulpix-28
swsh08-fusion-strike,Wigglytuff,Uncommon,$0.06,https://www.tcgplayer.com/product/253269/pokemon-swsh08-fusion-strike-wigglytuff
swsh08-fusion-strike,Wooloo (222),Common,$0.03,https://www.tcgplayer.com/product/253323/pokemon-swsh08-fusion-strike-wooloo-222
swsh08-fusion-strike,Zarude,Uncommon,$0.06,https://www.tcgplayer.com/product/253122/pokemon-swsh08-fusion-strike-zarude
swsh08-fusion-strike,Zoroark,Uncommon,$0.05,https://www.tcgplayer.com/product/253385/pokemon-swsh08-fusion-strike-zoroark
swsh08-fusion-strike,Accelgor,Rare,$0.08,https://www.tcgplayer.com/product/253090/pokemon-swsh08-fusion-strike-accelgor
swsh08-fusion-strike,Appletun V,Ultra Rare,$0.96,https://www.tcgplayer.com/product/253120/pokemon-swsh08-fusion-strike-appletun-v
swsh08-fusion-strike,Arcanine,Rare,$0.14,https://www.tcgplayer.com/product/253130/pokemon-swsh08-fusion-strike-arcanine
swsh08-fusion-strike,Azumarill,Rare,$0.09,https://www.tcgplayer.com/product/253190/pokemon-swsh08-fusion-strike-azumarill
swsh08-fusion-strike,Barraskewda,Uncommon,$0.07,https://www.tcgplayer.com/product/253237/pokemon-swsh08-fusion-strike-barraskewda
swsh08-fusion-strike,Battle VIP Pass,Uncommon,$0.77,https://www.tcgplayer.com/product/253091/pokemon-swsh08-fusion-strike-battle-vip-pass
swsh08-fusion-strike,Blissey,Rare,$0.10,https://www.tcgplayer.com/product/253297/pokemon-swsh08-fusion-strike-blissey
swsh08-fusion-strike,Boltund V (Full Art),Ultra Rare,$2.91,https://www.tcgplayer.com/product/253144/pokemon-swsh08-fusion-strike-boltund-v-full-art
swsh08-fusion-strike,Boltund VMAX (Secret),Secret Rare,$9.99,https://www.tcgplayer.com/product/253174/pokemon-swsh08-fusion-strike-boltund-vmax-secret
swsh08-fusion-strike,Breloom V,Ultra Rare,$0.90,https://www.tcgplayer.com/product/253076/pokemon-swsh08-fusion-strike-breloom-v
swsh08-fusion-strike,Buneary,Common,$0.03,https://www.tcgplayer.com/product/253309/pokemon-swsh08-fusion-strike-buneary
swsh08-fusion-strike,Butterfree,Holo Rare,$0.32,https://www.tcgplayer.com/product/253073/pokemon-swsh08-fusion-strike-butterfree
swsh08-fusion-strike,Caterpie,Common,$0.03,https://www.tcgplayer.com/product/253069/pokemon-swsh08-fusion-strike-caterpie
swsh08-fusion-strike,Centiskorch (48),Rare,$0.09,https://www.tcgplayer.com/product/253179/pokemon-swsh08-fusion-strike-centiskorch-48
swsh08-fusion-strike,Chandelure V,Ultra Rare,$1.16,https://www.tcgplayer.com/product/253142/pokemon-swsh08-fusion-strike-chandelure-v
swsh08-fusion-strike,Chandelure VMAX,Ultra Rare,$1.80,https://www.tcgplayer.com/product/253145/pokemon-swsh08-fusion-strike-chandelure-vmax
swsh08-fusion-strike,Chansey,Common,$0.04,https://www.tcgplayer.com/product/253296/pokemon-swsh08-fusion-strike-chansey
swsh08-fusion-strike,Chewtle,Common,$0.02,https://www.tcgplayer.com/product/253234/pokemon-swsh08-fusion-strike-chewtle
swsh08-fusion-strike,Chili & Cilan & Cress (Full Art),Ultra Rare,$2.87,https://www.tcgplayer.com/product/253159/pokemon-swsh08-fusion-strike-chili-and-cilan-and-cress-full-art
swsh08-fusion-strike,Cinderace V (43),Ultra Rare,$0.93,https://www.tcgplayer.com/product/253164/pokemon-swsh08-fusion-strike-cinderace-v-43
swsh08-fusion-strike,Cinderace VMAX,Ultra Rare,$3.48,https://www.tcgplayer.com/product/253170/pokemon-swsh08-fusion-strike-cinderace-vmax
swsh08-fusion-strike,Clauncher,Common,$0.03,https://www.tcgplayer.com/product/253224/pokemon-swsh08-fusion-strike-clauncher
swsh08-fusion-strike,Claydol,Rare,$0.08,https://www.tcgplayer.com/product/253359/pokemon-swsh08-fusion-strike-claydol
swsh08-fusion-strike,Cloyster,Rare,$0.16,https://www.tcgplayer.com/product/253182/pokemon-swsh08-fusion-strike-cloyster
swsh08-fusion-strike,Code Card - Fusion Strike 3 Pack Blister [Eevee],Code Card,$0.28,https://www.tcgplayer.com/product/257524/pokemon-swsh08-fusion-strike-code-card-fusion-strike-3-pack-blister-eevee
swsh08-fusion-strike,Code Card - Fusion Strike Booster Pack,Code Card,$0.10,https://www.tcgplayer.com/product/256131/pokemon-swsh08-fusion-strike-code-card-fusion-strike-booster-pack
swsh08-fusion-strike,Code Card - Fusion Strike Elite Trainer Box,Code Card,$0.16,https://www.tcgplayer.com/product/257526/pokemon-swsh08-fusion-strike-code-card-fusion-strike-elite-trainer-box
swsh08-fusion-strike,Code Card - Fusion Strike Single Pack Blister [Blitzle],Code Card,—,https://www.tcgplayer.com/product/267752/pokemon-swsh08-fusion-strike-code-card-fusion-strike-single-pack-blister-blitzle
swsh08-fusion-strike,Code Card - Hoopa V Box,Code Card,$0.27,https://www.tcgplayer.com/product/256468/pokemon-swsh08-fusion-strike-code-card-hoopa-v-box
swsh08-fusion-strike,Code Card - Single Strike Urshifu VMAX Premium Collection,Code Card,$0.83,https://www.tcgplayer.com/product/253457/pokemon-swsh08-fusion-strike-code-card-single-strike-urshifu-vmax-premium-collection
swsh08-fusion-strike,Copperajah,Uncommon,$0.04,https://www.tcgplayer.com/product/253347/pokemon-swsh08-fusion-strike-copperajah
swsh08-fusion-strike,Corvisquire,Uncommon,$0.03,https://www.tcgplayer.com/product/253320/pokemon-swsh08-fusion-strike-corvisquire
swsh08-fusion-strike,Crabominable V (Full Art),Ultra Rare,$2.58,https://www.tcgplayer.com/product/253143/pokemon-swsh08-fusion-strike-crabominable-v-full-art
swsh08-fusion-strike,Croagunk,Common,$0.04,https://www.tcgplayer.com/product/253379/pokemon-swsh08-fusion-strike-croagunk
swsh08-fusion-strike,Cross Switcher,Uncommon,$0.13,https://www.tcgplayer.com/product/253101/pokemon-swsh08-fusion-strike-cross-switcher
swsh08-fusion-strike,Cufant,Common,$0.02,https://www.tcgplayer.com/product/253345/pokemon-swsh08-fusion-strike-cufant
swsh08-fusion-strike,Dancer (Full Art),Ultra Rare,$2.21,https://www.tcgplayer.com/product/253160/pokemon-swsh08-fusion-strike-dancer-full-art
swsh08-fusion-strike,Darkrai,Uncommon,$0.07,https://www.tcgplayer.com/product/253381/pokemon-swsh08-fusion-strike-darkrai
swsh08-fusion-strike,Deoxys,Holo Rare,$0.24,https://www.tcgplayer.com/product/253293/pokemon-swsh08-fusion-strike-deoxys
swsh08-fusion-strike,Diggersby,Uncommon,$0.03,https://www.tcgplayer.com/product/253314/pokemon-swsh08-fusion-strike-diggersby
swsh08-fusion-strike,Dragapult,Holo Rare,$0.18,https://www.tcgplayer.com/product/253327/pokemon-swsh08-fusion-strike-dragapult
swsh08-fusion-strike,Drednaw,Uncommon,$0.03,https://www.tcgplayer.com/product/253235/pokemon-swsh08-fusion-strike-drednaw
swsh08-fusion-strike,Drilbur,Common,$0.04,https://www.tcgplayer.com/product/253361/pokemon-swsh08-fusion-strike-drilbur
swsh08-fusion-strike,Dunsparce,Uncommon,$0.09,https://www.tcgplayer.com/product/253302/pokemon-swsh08-fusion-strike-dunsparce
swsh08-fusion-strike,Eelektrik,Uncommon,$0.05,https://www.tcgplayer.com/product/253252/pokemon-swsh08-fusion-strike-eelektrik
swsh08-fusion-strike,Eevee,Common,$0.02,https://www.tcgplayer.com/product/253300/pokemon-swsh08-fusion-strike-eevee
swsh08-fusion-strike,Electrode,Rare,$0.07,https://www.tcgplayer.com/product/253244/pokemon-swsh08-fusion-strike-electrode
swsh08-fusion-strike,Elesa's Sparkle (Full Art),Ultra Rare,$10.39,https://www.tcgplayer.com/product/253161/pokemon-swsh08-fusion-strike-elesas-sparkle-full-art
swsh08-fusion-strike,Espeon VMAX (Alternate Art Secret),Secret Rare,$111.25,https://www.tcgplayer.com/product/253265/pokemon-swsh08-fusion-strike-espeon-vmax-alternate-art-secret
swsh08-fusion-strike,Falinks (154),Uncommon,$0.04,https://www.tcgplayer.com/product/253368/pokemon-swsh08-fusion-strike-falinks-154
swsh08-fusion-strike,Farewell Bell,Uncommon,$0.02,https://www.tcgplayer.com/product/253107/pokemon-swsh08-fusion-strike-farewell-bell
swsh08-fusion-strike,Fire Energy (Secret),Secret Rare,$12.65,https://www.tcgplayer.com/product/253289/pokemon-swsh08-fusion-strike-fire-energy-secret
swsh08-fusion-strike,Frosmoth,Uncommon,$0.03,https://www.tcgplayer.com/product/253240/pokemon-swsh08-fusion-strike-frosmoth
swsh08-fusion-strike,Galarian Corsola,Common,$0.04,https://www.tcgplayer.com/product/253283/pokemon-swsh08-fusion-strike-galarian-corsola
swsh08-fusion-strike,Galarian Darmanitan,Uncommon,$0.06,https://www.tcgplayer.com/product/253222/pokemon-swsh08-fusion-strike-galarian-darmanitan
swsh08-fusion-strike,Galarian Linoone,Uncommon,$0.08,https://www.tcgplayer.com/product/253374/pokemon-swsh08-fusion-strike-galarian-linoone
swsh08-fusion-strike,Galarian Obstagoon,Holo Rare,$0.24,https://www.tcgplayer.com/product/253375/pokemon-swsh08-fusion-strike-galarian-obstagoon
swsh08-fusion-strike,Galarian Zigzagoon,Common,$0.03,https://www.tcgplayer.com/product/253373/pokemon-swsh08-fusion-strike-galarian-zigzagoon
swsh08-fusion-strike,Genesect V,Ultra Rare,$4.81,https://www.tcgplayer.com/product/253333/pokemon-swsh08-fusion-strike-genesect-v
swsh08-fusion-strike,Genesect V (Full Art),Ultra Rare,$11.02,https://www.tcgplayer.com/product/253154/pokemon-swsh08-fusion-strike-genesect-v-full-art
swsh08-fusion-strike,Gengar VMAX,Ultra Rare,$17.25,https://www.tcgplayer.com/product/253371/pokemon-swsh08-fusion-strike-gengar-vmax
swsh08-fusion-strike,Geodude,Common,$0.04,https://www.tcgplayer.com/product/253339/pokemon-swsh08-fusion-strike-geodude
swsh08-fusion-strike,Gliscor,Uncommon,$0.05,https://www.tcgplayer.com/product/253350/pokemon-swsh08-fusion-strike-gliscor
swsh08-fusion-strike,Goodra,Rare,$0.16,https://www.tcgplayer.com/product/253357/pokemon-swsh08-fusion-strike-goodra
swsh08-fusion-strike,Gorebyss,Rare,$0.14,https://www.tcgplayer.com/product/253210/pokemon-swsh08-fusion-strike-gorebyss
swsh08-fusion-strike,Granbull,Rare,$0.11,https://www.tcgplayer.com/product/253282/pokemon-swsh08-fusion-strike-granbull
swsh08-fusion-strike,Grass Energy (Secret),Secret Rare,$12.05,https://www.tcgplayer.com/product/253287/pokemon-swsh08-fusion-strike-grass-energy-secret
swsh08-fusion-strike,Greedent V,Ultra Rare,$1.10,https://www.tcgplayer.com/product/253316/pokemon-swsh08-fusion-strike-greedent-v
swsh08-fusion-strike,Greedent V (Full Art),Ultra Rare,$3.66,https://www.tcgplayer.com/product/253156/pokemon-swsh08-fusion-strike-greedent-v-full-art
swsh08-fusion-strike,Greedent VMAX (Secret),Secret Rare,$7.67,https://www.tcgplayer.com/product/253270/pokemon-swsh08-fusion-strike-greedent-vmax-secret
swsh08-fusion-strike,Grimmsnarl,Holo Rare,$0.21,https://www.tcgplayer.com/product/253392/pokemon-swsh08-fusion-strike-grimmsnarl
swsh08-fusion-strike,Grubbin,Common,$0.02,https://www.tcgplayer.com/product/253098/pokemon-swsh08-fusion-strike-grubbin
swsh08-fusion-strike,Hawlucha,Uncommon,$0.04,https://www.tcgplayer.com/product/253315/pokemon-swsh08-fusion-strike-hawlucha
swsh08-fusion-strike,Heliolisk,Uncommon,$0.05,https://www.tcgplayer.com/product/253255/pokemon-swsh08-fusion-strike-heliolisk
swsh08-fusion-strike,Hoopa V (Full Art),Ultra Rare,$4.17,https://www.tcgplayer.com/product/253152/pokemon-swsh08-fusion-strike-hoopa-v-full-art
swsh08-fusion-strike,Impidimp,Common,$0.07,https://www.tcgplayer.com/product/253390/pokemon-swsh08-fusion-strike-impidimp
swsh08-fusion-strike,Inteleon V,Ultra Rare,$1.45,https://www.tcgplayer.com/product/253232/pokemon-swsh08-fusion-strike-inteleon-v
swsh08-fusion-strike,Inteleon VMAX (Alternate Art Secret),Secret Rare,$27.60,https://www.tcgplayer.com/product/253171/pokemon-swsh08-fusion-strike-inteleon-vmax-alternate-art-secret
swsh08-fusion-strike,Judge,Uncommon,$0.14,https://www.tcgplayer.com/product/253110/pokemon-swsh08-fusion-strike-judge
swsh08-fusion-strike,Kangaskhan,Rare,$0.10,https://www.tcgplayer.com/product/253298/pokemon-swsh08-fusion-strike-kangaskhan
swsh08-fusion-strike,Landorus,Holo Rare,$0.17,https://www.tcgplayer.com/product/253362/pokemon-swsh08-fusion-strike-landorus
swsh08-fusion-strike,Latias,Rare,$0.17,https://www.tcgplayer.com/product/253349/pokemon-swsh08-fusion-strike-latias
swsh08-fusion-strike,Leavanny,Rare,$0.16,https://www.tcgplayer.com/product/253081/pokemon-swsh08-fusion-strike-leavanny
swsh08-fusion-strike,Lucario V,Ultra Rare,$1.54,https://www.tcgplayer.com/product/253360/pokemon-swsh08-fusion-strike-lucario-v
swsh08-fusion-strike,Luxray,Rare,$0.13,https://www.tcgplayer.com/product/253249/pokemon-swsh08-fusion-strike-luxray
swsh08-fusion-strike,Makuhita,Common,$0.04,https://www.tcgplayer.com/product/253352/pokemon-swsh08-fusion-strike-makuhita
swsh08-fusion-strike,Mankey,Common,$0.02,https://www.tcgplayer.com/product/253334/pokemon-swsh08-fusion-strike-mankey
swsh08-fusion-strike,Maractus,Rare,$0.10,https://www.tcgplayer.com/product/253086/pokemon-swsh08-fusion-strike-maractus
swsh08-fusion-strike,Marshtomp,Uncommon,$0.09,https://www.tcgplayer.com/product/253201/pokemon-swsh08-fusion-strike-marshtomp
swsh08-fusion-strike,Melmetal,Holo Rare,$0.23,https://www.tcgplayer.com/product/253340/pokemon-swsh08-fusion-strike-melmetal
swsh08-fusion-strike,Meltan,Common,$0.03,https://www.tcgplayer.com/product/253338/pokemon-swsh08-fusion-strike-meltan
swsh08-fusion-strike,Metapod,Uncommon,$0.04,https://www.tcgplayer.com/product/253072/pokemon-swsh08-fusion-strike-metapod
swsh08-fusion-strike,Mew V (Alternate Full Art),Ultra Rare,$46.00,https://www.tcgplayer.com/product/253147/pokemon-swsh08-fusion-strike-mew-v-alternate-full-art
swsh08-fusion-strike,Mew VMAX,Ultra Rare,$28.01,https://www.tcgplayer.com/product/253275/pokemon-swsh08-fusion-strike-mew-vmax
swsh08-fusion-strike,Mew VMAX (Secret),Secret Rare,$49.30,https://www.tcgplayer.com/product/253176/pokemon-swsh08-fusion-strike-mew-vmax-secret
swsh08-fusion-strike,Morgrem,Uncommon,$0.05,https://www.tcgplayer.com/product/253391/pokemon-swsh08-fusion-strike-morgrem
swsh08-fusion-strike,Morpeko (179),Common,$0.09,https://www.tcgplayer.com/product/253393/pokemon-swsh08-fusion-strike-morpeko-179
swsh08-fusion-strike,Munna,Common,$0.03,https://www.tcgplayer.com/product/253294/pokemon-swsh08-fusion-strike-munna
swsh08-fusion-strike,Ninetales (30),Uncommon,$0.06,https://www.tcgplayer.com/product/253126/pokemon-swsh08-fusion-strike-ninetales-30
swsh08-fusion-strike,Onix,Common,$0.03,https://www.tcgplayer.com/product/253343/pokemon-swsh08-fusion-strike-onix
swsh08-fusion-strike,Palossand,Rare,$0.12,https://www.tcgplayer.com/product/253313/pokemon-swsh08-fusion-strike-palossand
swsh08-fusion-strike,Pangoro,Uncommon,$0.05,https://www.tcgplayer.com/product/253388/pokemon-swsh08-fusion-strike-pangoro
swsh08-fusion-strike,Pansage,Common,$0.03,https://www.tcgplayer.com/product/253077/pokemon-swsh08-fusion-strike-pansage
swsh08-fusion-strike,Persian,Uncommon,$0.05,https://www.tcgplayer.com/product/253292/pokemon-swsh08-fusion-strike-persian
swsh08-fusion-strike,Pikachu V,Ultra Rare,$1.35,https://www.tcgplayer.com/product/253241/pokemon-swsh08-fusion-strike-pikachu-v
swsh08-fusion-strike,Power Tablet,Uncommon,$0.16,https://www.tcgplayer.com/product/253111/pokemon-swsh08-fusion-strike-power-tablet
swsh08-fusion-strike,Primeape,Uncommon,$0.04,https://www.tcgplayer.com/product/253337/pokemon-swsh08-fusion-strike-primeape
swsh08-fusion-strike,Quick Ball,Uncommon,$0.53,https://www.tcgplayer.com/product/253112/pokemon-swsh08-fusion-strike-quick-ball
swsh08-fusion-strike,Rillaboom V,Ultra Rare,$1.25,https://www.tcgplayer.com/product/253113/pokemon-swsh08-fusion-strike-rillaboom-v
swsh08-fusion-strike,Rookidee,Common,$0.05,https://www.tcgplayer.com/product/253319/pokemon-swsh08-fusion-strike-rookidee
swsh08-fusion-strike,Sandaconda V (Alternate Full Art),Ultra Rare,$6.15,https://www.tcgplayer.com/product/253149/pokemon-swsh08-fusion-strike-sandaconda-v-alternate-full-art
swsh08-fusion-strike,Sandslash,Uncommon,$0.05,https://www.tcgplayer.com/product/253449/pokemon-swsh08-fusion-strike-sandslash
swsh08-fusion-strike,Schoolboy,Uncommon,$0.04,https://www.tcgplayer.com/product/253114/pokemon-swsh08-fusion-strike-schoolboy
swsh08-fusion-strike,Schoolboy (Secret),Secret Rare,$5.29,https://www.tcgplayer.com/product/253277/pokemon-swsh08-fusion-strike-schoolboy-secret
swsh08-fusion-strike,Schoolgirl (Full Art),Ultra Rare,$4.63,https://www.tcgplayer.com/product/253163/pokemon-swsh08-fusion-strike-schoolgirl-full-art
swsh08-fusion-strike,Sewaddle,Common,$0.03,https://www.tcgplayer.com/product/253079/pokemon-swsh08-fusion-strike-sewaddle
swsh08-fusion-strike,Shauna,Uncommon,$0.07,https://www.tcgplayer.com/product/253117/pokemon-swsh08-fusion-strike-shauna
swsh08-fusion-strike,Shauna (Secret),Secret Rare,$9.25,https://www.tcgplayer.com/product/253280/pokemon-swsh08-fusion-strike-shauna-secret
swsh08-fusion-strike,Shelmet,Common,$0.03,https://www.tcgplayer.com/product/253087/pokemon-swsh08-fusion-strike-shelmet
swsh08-fusion-strike,Shroomish,Common,$0.05,https://www.tcgplayer.com/product/253074/pokemon-swsh08-fusion-strike-shroomish
swsh08-fusion-strike,Sidney (Full Art),Ultra Rare,$2.79,https://www.tcgplayer.com/product/253166/pokemon-swsh08-fusion-strike-sidney-full-art
swsh08-fusion-strike,Sigilyph,Common,$0.04,https://www.tcgplayer.com/product/253303/pokemon-swsh08-fusion-strike-sigilyph
swsh08-fusion-strike,Simisage,Uncommon,$0.03,https://www.tcgplayer.com/product/253078/pokemon-swsh08-fusion-strike-simisage
swsh08-fusion-strike,Sizzlipede (46),Common,$0.04,https://www.tcgplayer.com/product/253172/pokemon-swsh08-fusion-strike-sizzlipede-46
swsh08-fusion-strike,Skarmory,Common,$0.03,https://www.tcgplayer.com/product/253329/pokemon-swsh08-fusion-strike-skarmory
swsh08-fusion-strike,Skitty,Common,$0.04,https://www.tcgplayer.com/product/253306/pokemon-swsh08-fusion-strike-skitty
swsh08-fusion-strike,Slugma,Common,$0.03,https://www.tcgplayer.com/product/253131/pokemon-swsh08-fusion-strike-slugma
swsh08-fusion-strike,Snom,Common,$0.04,https://www.tcgplayer.com/product/253238/pokemon-swsh08-fusion-strike-snom
swsh08-fusion-strike,Snubbull,Common,$0.03,https://www.tcgplayer.com/product/253278/pokemon-swsh08-fusion-strike-snubbull
swsh08-fusion-strike,Stantler,Uncommon,$0.07,https://www.tcgplayer.com/product/253304/pokemon-swsh08-fusion-strike-stantler
swsh08-fusion-strike,Staryu,Common,$0.04,https://www.tcgplayer.com/product/253183/pokemon-swsh08-fusion-strike-staryu
swsh08-fusion-strike,Stufful,Common,$0.02,https://www.tcgplayer.com/product/253364/pokemon-swsh08-fusion-strike-stufful
swsh08-fusion-strike,Swampert,Holo Rare,$0.27,https://www.tcgplayer.com/product/253205/pokemon-swsh08-fusion-strike-swampert
swsh08-fusion-strike,Totodile,Common,$0.03,https://www.tcgplayer.com/product/253186/pokemon-swsh08-fusion-strike-totodile
swsh08-fusion-strike,Toxel (106),Common,$0.06,https://www.tcgplayer.com/product/253262/pokemon-swsh08-fusion-strike-toxel-106
swsh08-fusion-strike,Toxtricity (107),Holo Rare,$0.23,https://www.tcgplayer.com/product/253263/pokemon-swsh08-fusion-strike-toxtricity-107
swsh08-fusion-strike,Training Court (Secret),Secret Rare,$7.54,https://www.tcgplayer.com/product/253286/pokemon-swsh08-fusion-strike-training-court-secret
swsh08-fusion-strike,Trubbish,Common,$0.04,https://www.tcgplayer.com/product/253382/pokemon-swsh08-fusion-strike-trubbish
swsh08-fusion-strike,Tsareena V (Full Art),Ultra Rare,$2.16,https://www.tcgplayer.com/product/253139/pokemon-swsh08-fusion-strike-tsareena-v-full-art
swsh08-fusion-strike,Tynamo,Common,$0.04,https://www.tcgplayer.com/product/253251/pokemon-swsh08-fusion-strike-tynamo
swsh08-fusion-strike,Victini,Uncommon,$0.05,https://www.tcgplayer.com/product/253136/pokemon-swsh08-fusion-strike-victini
swsh08-fusion-strike,Virizion,Rare,$0.11,https://www.tcgplayer.com/product/253092/pokemon-swsh08-fusion-strike-virizion
swsh08-fusion-strike,Vullaby,Common,$0.04,https://www.tcgplayer.com/product/253386/pokemon-swsh08-fusion-strike-vullaby
swsh08-fusion-strike,Vulpix (29),Common,$0.04,https://www.tcgplayer.com/product/253125/pokemon-swsh08-fusion-strike-vulpix-29
swsh08-fusion-strike,Wooloo (221),Common,$0.04,https://www.tcgplayer.com/product/253322/pokemon-swsh08-fusion-strike-wooloo-221
swsh08-fusion-strike,Yveltal,Rare,$0.12,https://www.tcgplayer.com/product/253389/pokemon-swsh08-fusion-strike-yveltal
swsh08-fusion-strike,Zeraora,Rare,$0.14,https://www.tcgplayer.com/product/253258/pokemon-swsh08-fusion-strike-zeraora
swsh08-fusion-strike,Zorua,Common,$0.06,https://www.tcgplayer.com/product/253384/pokemon-swsh08-fusion-strike-zorua
celebrations,Code Card - Celebrations Booster Pack,Code Card,$0.08,https://www.tcgplayer.com/product/251049/pokemon-celebrations-code-card-celebrations-booster-pack
celebrations,Code Card - Celebrations Collection [Dragapult Prime],Code Card,$0.35,https://www.tcgplayer.com/product/251048/pokemon-celebrations-code-card-celebrations-collection-dragapult-prime
celebrations,Code Card - Celebrations Collection [Pikachu V-UNION],Code Card,$0.10,https://www.tcgplayer.com/product/251052/pokemon-celebrations-code-card-celebrations-collection-pikachu-v-union
celebrations,Code Card - Celebrations Deluxe Pin Collection [Zacian LV. X],Code Card,$0.20,https://www.tcgplayer.com/product/251057/pokemon-celebrations-code-card-celebrations-deluxe-pin-collection-zacian-lv-x
celebrations,Code Card - Celebrations Pokemon Center Elite Trainer Box (Exclusive),Code Card,$0.68,https://www.tcgplayer.com/product/251219/pokemon-celebrations-code-card-celebrations-pokemon-center-elite-trainer-box-exclusive
celebrations,Code Card - Celebrations Special Collection - V Memories,Code Card,$0.22,https://www.tcgplayer.com/product/257525/pokemon-celebrations-code-card-celebrations-special-collection-v-memories
celebrations,Cosmoem,Holo Rare,$0.10,https://www.tcgplayer.com/product/250297/pokemon-celebrations-cosmoem
celebrations,Dialga,Holo Rare,$0.08,https://www.tcgplayer.com/product/250296/pokemon-celebrations-dialga
celebrations,Flying Pikachu VMAX,Ultra Rare,$1.96,https://www.tcgplayer.com/product/250305/pokemon-celebrations-flying-pikachu-vmax
celebrations,Ho-Oh,Holo Rare,$0.12,https://www.tcgplayer.com/product/250300/pokemon-celebrations-ho-oh
celebrations,Lugia,Holo Rare,$0.10,https://www.tcgplayer.com/product/250317/pokemon-celebrations-lugia
celebrations,Mew,Holo Rare,$0.33,https://www.tcgplayer.com/product/250309/pokemon-celebrations-mew
celebrations,Palkia,Holo Rare,$0.13,https://www.tcgplayer.com/product/250302/pokemon-celebrations-palkia
celebrations,Professor's Research,Holo Rare,$0.19,https://www.tcgplayer.com/product/250318/pokemon-celebrations-professors-research
celebrations,Reshiram,Holo Rare,$0.08,https://www.tcgplayer.com/product/250301/pokemon-celebrations-reshiram
celebrations,Surfing Pikachu V,Ultra Rare,$0.92,https://www.tcgplayer.com/product/250306/pokemon-celebrations-surfing-pikachu-v
celebrations,Xerneas,Holo Rare,$0.09,https://www.tcgplayer.com/product/250310/pokemon-celebrations-xerneas
celebrations,Zacian V,Ultra Rare,$0.72,https://www.tcgplayer.com/product/250313/pokemon-celebrations-zacian-v
celebrations,Zekrom,Holo Rare,$0.08,https://www.tcgplayer.com/product/250308/pokemon-celebrations-zekrom
celebrations,Code Card - Celebrations Collection [Dark Sylveon V],Code Card,$0.07,https://www.tcgplayer.com/product/251050/pokemon-celebrations-code-card-celebrations-collection-dark-sylveon-v
celebrations,Code Card - Celebrations Collection [Lance's Charizard V],Code Card,$0.11,https://www.tcgplayer.com/product/251051/pokemon-celebrations-code-card-celebrations-collection-lances-charizard-v
celebrations,Code Card - Celebrations Collector Chest,Code Card,$0.11,https://www.tcgplayer.com/product/251055/pokemon-celebrations-code-card-celebrations-collector-chest
celebrations,Code Card - Celebrations Elite Trainer Box,Code Card,$0.07,https://www.tcgplayer.com/product/251218/pokemon-celebrations-code-card-celebrations-elite-trainer-box
celebrations,Code Card - Celebrations Premium Figure Collection [Pikachu VMAX],Code Card,$0.19,https://www.tcgplayer.com/product/251054/pokemon-celebrations-code-card-celebrations-premium-figure-collection-pikachu-vmax
celebrations,Code Card - Celebrations Ultra-Premium Collection,Code Card,$1.15,https://www.tcgplayer.com/product/251056/pokemon-celebrations-code-card-celebrations-ultra-premium-collection
celebrations,Cosmog,Holo Rare,$0.09,https://www.tcgplayer.com/product/250311/pokemon-celebrations-cosmog
celebrations,Flying Pikachu V,Ultra Rare,$0.90,https://www.tcgplayer.com/product/250304/pokemon-celebrations-flying-pikachu-v
celebrations,Groudon,Holo Rare,$0.11,https://www.tcgplayer.com/product/250314/pokemon-celebrations-groudon
celebrations,Kyogre,Holo Rare,$0.11,https://www.tcgplayer.com/product/250298/pokemon-celebrations-kyogre
celebrations,Lunala,Holo Rare,$0.11,https://www.tcgplayer.com/product/250312/pokemon-celebrations-lunala
celebrations,Mew (Secret),Secret Rare,$43.20,https://www.tcgplayer.com/product/250295/pokemon-celebrations-mew-secret
celebrations,Pikachu,Holo Rare,$0.34,https://www.tcgplayer.com/product/250303/pokemon-celebrations-pikachu
celebrations,Professor's Research (Full Art),Ultra Rare,$1.22,https://www.tcgplayer.com/product/250293/pokemon-celebrations-professors-research-full-art
celebrations,Solgaleo,Holo Rare,$0.13,https://www.tcgplayer.com/product/250316/pokemon-celebrations-solgaleo
celebrations,Surfing Pikachu VMAX,Ultra Rare,$1.85,https://www.tcgplayer.com/product/250307/pokemon-celebrations-surfing-pikachu-vmax
celebrations,Yveltal,Holo Rare,$0.11,https://www.tcgplayer.com/product/250315/pokemon-celebrations-yveltal
celebrations,Zamazenta V,Ultra Rare,$0.56,https://www.tcgplayer.com/product/250299/pokemon-celebrations-zamazenta-v
celebrations-classic-collection,______'s Pikachu,Classic Collection,$6.18,https://www.tcgplayer.com/product/250325/pokemon-celebrations-classic-collection-______s-pikachu
celebrations-classic-collection,Charizard,Classic Collection,$78.43,https://www.tcgplayer.com/product/250320/pokemon-celebrations-classic-collection-charizard
celebrations-classic-collection,Cleffa,Classic Collection,$0.66,https://www.tcgplayer.com/product/250326/pokemon-celebrations-classic-collection-cleffa
celebrations-classic-collection,Donphan (Prime),Classic Collection,$1.78,https://www.tcgplayer.com/product/250336/pokemon-celebrations-classic-collection-donphan-prime
celebrations-classic-collection,Gardevoir ex (Delta Species),Classic Collection,$8.63,https://www.tcgplayer.com/product/250331/pokemon-celebrations-classic-collection-gardevoir-ex-delta-species
celebrations-classic-collection,Imposter Professor Oak,Classic Collection,$0.32,https://www.tcgplayer.com/product/250322/pokemon-celebrations-classic-collection-imposter-professor-oak
celebrations-classic-collection,M Rayquaza EX,Classic Collection,$14.59,https://www.tcgplayer.com/product/250341/pokemon-celebrations-classic-collection-m-rayquaza-ex
celebrations-classic-collection,Mewtwo EX,Classic Collection,$12.22,https://www.tcgplayer.com/product/250339/pokemon-celebrations-classic-collection-mewtwo-ex
celebrations-classic-collection,Rocket's Admin.,Classic Collection,$0.40,https://www.tcgplayer.com/product/250329/pokemon-celebrations-classic-collection-rockets-admin
celebrations-classic-collection,Shining Magikarp,Classic Collection,$20.54,https://www.tcgplayer.com/product/250327/pokemon-celebrations-classic-collection-shining-magikarp
celebrations-classic-collection,Team Magma's Groudon,Classic Collection,$0.50,https://www.tcgplayer.com/product/250328/pokemon-celebrations-classic-collection-team-magmas-groudon
celebrations-classic-collection,Venusaur,Classic Collection,$4.33,https://www.tcgplayer.com/product/250321/pokemon-celebrations-classic-collection-venusaur
celebrations-classic-collection,Zekrom,Classic Collection,$4.35,https://www.tcgplayer.com/product/250338/pokemon-celebrations-classic-collection-zekrom
celebrations-classic-collection,Blastoise,Classic Collection,$6.15,https://www.tcgplayer.com/product/250319/pokemon-celebrations-classic-collection-blastoise
celebrations-classic-collection,Claydol,Classic Collection,$0.32,https://www.tcgplayer.com/product/250333/pokemon-celebrations-classic-collection-claydol
celebrations-classic-collection,Dark Gyarados,Classic Collection,$0.78,https://www.tcgplayer.com/product/250294/pokemon-celebrations-classic-collection-dark-gyarados
celebrations-classic-collection,Garchomp C LV.X,Classic Collection,$2.03,https://www.tcgplayer.com/product/250335/pokemon-celebrations-classic-collection-garchomp-c-lvx
celebrations-classic-collection,Here Comes Team Rocket!,Classic Collection,$0.33,https://www.tcgplayer.com/product/250323/pokemon-celebrations-classic-collection-here-comes-team-rocket
celebrations-classic-collection,Luxray GL LV.X,Classic Collection,$2.39,https://www.tcgplayer.com/product/250334/pokemon-celebrations-classic-collection-luxray-gl-lvx
celebrations-classic-collection,Mew ex,Classic Collection,$4.19,https://www.tcgplayer.com/product/250330/pokemon-celebrations-classic-collection-mew-ex
celebrations-classic-collection,Reshiram,Classic Collection,$3.84,https://www.tcgplayer.com/product/250337/pokemon-celebrations-classic-collection-reshiram
celebrations-classic-collection,Rocket's Zapdos,Classic Collection,$0.77,https://www.tcgplayer.com/product/250324/pokemon-celebrations-classic-collection-rockets-zapdos
celebrations-classic-collection,Tapu Lele GX,Classic Collection,$7.76,https://www.tcgplayer.com/product/250342/pokemon-celebrations-classic-collection-tapu-lele-gx
celebrations-classic-collection,Umbreon Star,Classic Collection,$27.00,https://www.tcgplayer.com/product/250332/pokemon-celebrations-classic-collection-umbreon-star
celebrations-classic-collection,Xerneas EX,Classic Collection,$7.54,https://www.tcgplayer.com/product/250340/pokemon-celebrations-classic-collection-xerneas-ex
